what,kind,bundleId,bundleVersion,description,time
executed,command,org.eclipse.ui,3.6.0.I20100603-1100,"org.eclipse.ui.edit.text.contentAssist.proposals",1532364681672
error,log,,,"Unhandled event loop exception",1532364686032
executed,command,org.eclipse.ui,3.6.0.I20100603-1100,"org.eclipse.ui.edit.text.contentAssist.proposals",1532364688083
error,log,,,"Unhandled event loop exception",1532364688728
executed,command,org.eclipse.ui,3.6.0.I20100603-1100,"org.eclipse.ui.edit.text.contentAssist.proposals",1532364689899
error,log,,,"Unhandled event loop exception",1532364691293
executed,command,org.eclipse.ui,3.6.0.I20100603-1100,"org.eclipse.ui.edit.text.contentAssist.proposals",1532364692297
deactivated,workbench,org.eclipse.ui.workbench,3.6.0.I20100603-1100,"",1532364693923
activated,workbench,org.eclipse.ui.workbench,3.6.0.I20100603-1100,"",1532364694167
error,log,,,"Unhandled event loop exception",1532364694171
executed,command,org.eclipse.ui,3.6.0.I20100603-1100,"org.eclipse.ui.file.save",1532364706637
executed,command,org.eclipse.ui,3.6.0.I20100603-1100,"org.eclipse.ui.edit.text.contentAssist.proposals",1532364712970
executed,command,org.eclipse.ui,3.6.0.I20100603-1100,"org.eclipse.ui.edit.undo",1532364727327
executed,command,org.eclipse.ui,3.6.0.I20100603-1100,"org.eclipse.ui.edit.redo",1532364730870
executed,command,org.eclipse.ui,3.6.0.I20100603-1100,"org.eclipse.ui.edit.copy",1532364736283
executed,command,org.eclipse.ui,3.6.0.I20100603-1100,"org.eclipse.ui.edit.paste",1532364738688
executed,command,org.eclipse.ui,3.6.0.I20100603-1100,"org.eclipse.ui.file.save",1532364739171
executed,command,org.eclipse.ui,3.6.0.I20100603-1100,"org.eclipse.ui.edit.copy",1532364767538
executed,command,org.eclipse.ui,3.6.0.I20100603-1100,"org.eclipse.ui.edit.paste",1532364769518
executed,command,org.eclipse.ui,3.6.0.I20100603-1100,"org.eclipse.ui.file.save",1532364775138
deactivated,workbench,org.eclipse.ui.workbench,3.6.0.I20100603-1100,"",1532364795500
activated,workbench,org.eclipse.ui.workbench,3.6.0.I20100603-1100,"",1532364803769
error,log,,,"Unexpected runtime error while computing a text hover",1532364805980
executed,command,org.eclipse.ui,3.6.0.I20100603-1100,"org.eclipse.ui.edit.copy",1532364813559
executed,command,org.eclipse.ui,3.6.0.I20100603-1100,"org.eclipse.ui.edit.paste",1532364822176
executed,command,org.eclipse.ui,3.6.0.I20100603-1100,"org.eclipse.ui.edit.text.contentAssist.proposals",1532364825393
deactivated,workbench,org.eclipse.ui.workbench,3.6.0.I20100603-1100,"",1532364830133
activated,workbench,org.eclipse.ui.workbench,3.6.0.I20100603-1100,"",1532364832104
executed,command,org.eclipse.ui,3.6.0.I20100603-1100,"org.eclipse.ui.file.save",1532364833805
deactivated,workbench,org.eclipse.ui.workbench,3.6.0.I20100603-1100,"",1532364834605
activated,workbench,org.eclipse.ui.workbench,3.6.0.I20100603-1100,"",1532364838162
executed,command,org.eclipse.ui,3.6.0.I20100603-1100,"org.eclipse.ui.edit.undo",1532364848285
executed,command,org.eclipse.ui,3.6.0.I20100603-1100,"org.eclipse.ui.edit.copy",1532364866148
executed,command,org.eclipse.ui,3.6.0.I20100603-1100,"org.eclipse.ui.edit.paste",1532364867402
executed,command,org.eclipse.ui,3.6.0.I20100603-1100,"org.eclipse.ui.edit.copy",1532364881115
executed,command,org.eclipse.ui,3.6.0.I20100603-1100,"org.eclipse.ui.edit.paste",1532364882358
executed,command,org.eclipse.ui,3.6.0.I20100603-1100,"org.eclipse.ui.edit.cut",1532364893174
executed,command,org.eclipse.ui,3.6.0.I20100603-1100,"org.eclipse.ui.edit.paste",1532364896114
executed,command,org.eclipse.ui,3.6.0.I20100603-1100,"org.eclipse.ui.file.save",1532364903518
executed,command,org.eclipse.jdt.ui,3.6.0.v20100602-1600,"org.eclipse.jdt.ui.edit.text.java.format",1532364906420
executed,command,org.eclipse.ui,3.6.0.I20100603-1100,"org.eclipse.ui.file.save",1532364910017
deactivated,workbench,org.eclipse.ui.workbench,3.6.0.I20100603-1100,"",1532364923069
activated,workbench,org.eclipse.ui.workbench,3.6.0.I20100603-1100,"",1532364931927
deactivated,workbench,org.eclipse.ui.workbench,3.6.0.I20100603-1100,"",1532364932663
activated,workbench,org.eclipse.ui.workbench,3.6.0.I20100603-1100,"",1532364942045
executed,command,org.eclipse.ui,3.6.0.I20100603-1100,"org.eclipse.ui.edit.delete",1532364950293
executed,command,org.eclipse.ui,3.6.0.I20100603-1100,"org.eclipse.ui.edit.delete",1532364950530
deactivated,workbench,org.eclipse.ui.workbench,3.6.0.I20100603-1100,"",1532364952947
activated,workbench,org.eclipse.ui.workbench,3.6.0.I20100603-1100,"",1532364958643
deactivated,workbench,org.eclipse.ui.workbench,3.6.0.I20100603-1100,"",1532364959329
activated,workbench,org.eclipse.ui.workbench,3.6.0.I20100603-1100,"",1532364961572
deactivated,workbench,org.eclipse.ui.workbench,3.6.0.I20100603-1100,"",1532364968185
activated,workbench,org.eclipse.ui.workbench,3.6.0.I20100603-1100,"",1532364993790
deactivated,workbench,org.eclipse.ui.workbench,3.6.0.I20100603-1100,"",1532365000014
activated,workbench,org.eclipse.ui.workbench,3.6.0.I20100603-1100,"",1532365001506
deactivated,workbench,org.eclipse.ui.workbench,3.6.0.I20100603-1100,"",1532365002499
activated,workbench,org.eclipse.ui.workbench,3.6.0.I20100603-1100,"",1532365004139
executed,command,org.eclipse.ui,3.6.0.I20100603-1100,"org.eclipse.ui.file.save",1532365010204
executed,command,org.eclipse.ui,3.6.0.I20100603-1100,"org.eclipse.ui.edit.copy",1532365016578
executed,command,org.eclipse.ui,3.6.0.I20100603-1100,"org.eclipse.ui.file.save",1532365018023
executed,command,org.eclipse.ui,3.6.0.I20100603-1100,"org.eclipse.ui.edit.paste",1532365020590
executed,command,org.eclipse.ui,3.6.0.I20100603-1100,"org.eclipse.ui.edit.undo",1532365026655
executed,command,org.eclipse.ui,3.6.0.I20100603-1100,"org.eclipse.ui.edit.copy",1532365053412
executed,command,org.eclipse.ui,3.6.0.I20100603-1100,"org.eclipse.ui.edit.copy",1532365053720
executed,command,org.eclipse.ui,3.6.0.I20100603-1100,"org.eclipse.ui.edit.copy",1532365053895
executed,command,org.eclipse.ui,3.6.0.I20100603-1100,"org.eclipse.ui.edit.paste",1532365057326
deactivated,workbench,org.eclipse.ui.workbench,3.6.0.I20100603-1100,"",1532365058349
activated,workbench,org.eclipse.ui.workbench,3.6.0.I20100603-1100,"",1532365061752
executed,command,org.eclipse.ui,3.6.0.I20100603-1100,"org.eclipse.ui.edit.paste",1532365064272
executed,command,org.eclipse.ui,3.6.0.I20100603-1100,"org.eclipse.ui.edit.copy",1532365073964
executed,command,org.eclipse.ui,3.6.0.I20100603-1100,"org.eclipse.ui.edit.paste",1532365076141
executed,command,org.eclipse.ui,3.6.0.I20100603-1100,"org.eclipse.ui.edit.paste",1532365078096
executed,command,org.eclipse.ui,3.6.0.I20100603-1100,"org.eclipse.ui.edit.paste",1532365080735
executed,command,org.eclipse.ui,3.6.0.I20100603-1100,"org.eclipse.ui.edit.copy",1532365082477
executed,command,org.eclipse.ui,3.6.0.I20100603-1100,"org.eclipse.ui.edit.paste",1532365084580
executed,command,org.eclipse.ui,3.6.0.I20100603-1100,"org.eclipse.ui.edit.paste",1532365087592
executed,command,org.eclipse.ui,3.6.0.I20100603-1100,"org.eclipse.ui.edit.paste",1532365089110
executed,command,org.eclipse.ui,3.6.0.I20100603-1100,"org.eclipse.ui.edit.paste",1532365090983
executed,command,org.eclipse.ui,3.6.0.I20100603-1100,"org.eclipse.ui.edit.paste",1532365094879
deactivated,workbench,org.eclipse.ui.workbench,3.6.0.I20100603-1100,"",1532365113971
activated,workbench,org.eclipse.ui.workbench,3.6.0.I20100603-1100,"",1532365115275
executed,command,org.eclipse.ui,3.6.0.I20100603-1100,"org.eclipse.ui.edit.undo",1532365127010
executed,command,org.eclipse.ui,3.6.0.I20100603-1100,"org.eclipse.ui.edit.undo",1532365127548
executed,command,org.eclipse.ui,3.6.0.I20100603-1100,"org.eclipse.ui.edit.undo",1532365128759
executed,command,org.eclipse.ui,3.6.0.I20100603-1100,"org.eclipse.ui.edit.undo",1532365129185
executed,command,org.eclipse.ui,3.6.0.I20100603-1100,"org.eclipse.ui.edit.undo",1532365129531
executed,command,org.eclipse.ui,3.6.0.I20100603-1100,"org.eclipse.ui.edit.undo",1532365129868
executed,command,org.eclipse.ui,3.6.0.I20100603-1100,"org.eclipse.ui.edit.undo",1532365130238
executed,command,org.eclipse.ui,3.6.0.I20100603-1100,"org.eclipse.ui.edit.undo",1532365130579
executed,command,org.eclipse.ui,3.6.0.I20100603-1100,"org.eclipse.ui.file.save",1532365132190
executed,command,org.eclipse.ui,3.6.0.I20100603-1100,"org.eclipse.ui.file.save",1532365152938
deactivated,workbench,org.eclipse.ui.workbench,3.6.0.I20100603-1100,"",1532365153435
executed,command,org.eclipse.ui,3.6.0.I20100603-1100,"org.eclipse.ui.window.openEditorDropDown",1532365153466
activated,workbench,org.eclipse.ui.workbench,3.6.0.I20100603-1100,"",1532365155006
activated,view,org.eclipse.ui.console,3.5.0.v20100526,"org.eclipse.ui.console.ConsoleView",1532365194661
deactivated,workbench,org.eclipse.ui.workbench,3.6.0.I20100603-1100,"",1532365209632
activated,workbench,org.eclipse.ui.workbench,3.6.0.I20100603-1100,"",1532397042741
activated,editor,org.eclipse.jdt.ui,3.6.0.v20100602-1600,"org.eclipse.jdt.ui.CompilationUnitEditor",1532397042760
deactivated,workbench,org.eclipse.ui.workbench,3.6.0.I20100603-1100,"",1532397046788
activated,workbench,org.eclipse.ui.workbench,3.6.0.I20100603-1100,"",1532397220355
deactivated,workbench,org.eclipse.ui.workbench,3.6.0.I20100603-1100,"",1532397222180
activated,workbench,org.eclipse.ui.workbench,3.6.0.I20100603-1100,"",1532403710179
deactivated,workbench,org.eclipse.ui.workbench,3.6.0.I20100603-1100,"",1532403711890
activated,workbench,org.eclipse.ui.workbench,3.6.0.I20100603-1100,"",1532404960716
deactivated,workbench,org.eclipse.ui.workbench,3.6.0.I20100603-1100,"",1532404963948
activated,workbench,org.eclipse.ui.workbench,3.6.0.I20100603-1100,"",1532429755140
deactivated,workbench,org.eclipse.ui.workbench,3.6.0.I20100603-1100,"",1532429756000
activated,workbench,org.eclipse.ui.workbench,3.6.0.I20100603-1100,"",1532429756984
started,bundle,org.eclipse.wst.jsdt.debug.core,1.0.0.v201006082045,"org.eclipse.wst.jsdt.debug.core",1532429757328
closed,workbench,org.eclipse.ui.workbench,3.6.0.I20100603-1100,"",1532429757484
stopped,bundle,org.eclipse.jst.j2ee.xdoclet.runtime,1.1.300.v201004280700,"org.eclipse.jst.j2ee.xdoclet.runtime",1532429757799
stopped,bundle,org.eclipse.jst.j2ee.ejb.annotations.xdoclet,1.2.100.v201003112036,"org.eclipse.jst.j2ee.ejb.annotations.xdoclet",1532429757815
stopped,bundle,org.eclipse.jst.server.generic.jboss,1.6.1.v200904151730,"org.eclipse.jst.server.generic.jboss",1532429757815
stopped,bundle,org.eclipse.jst.server.generic.jonas,1.5.205.v200805140145,"org.eclipse.jst.server.generic.jonas",1532429757815
stopped,bundle,org.eclipse.jst.server.generic.oc4j,1.5.206.v20090812,"org.eclipse.jst.server.generic.oc4j",1532429757815
stopped,bundle,org.eclipse.jst.server.websphere.core,1.0.302.v20080620,"org.eclipse.jst.server.websphere.core",1532429757815
stopped,bundle,oracle.eclipse.tools.glassfish,3.2.3.201106201340,"oracle.eclipse.tools.glassfish",1532429757815
stopped,bundle,org.eclipse.jst.server.generic.ui,1.0.505.v20100428,"org.eclipse.jst.server.generic.ui",1532429757815
stopped,bundle,org.eclipse.jst.server.generic.core,1.0.606.v20100512,"org.eclipse.jst.server.generic.core",1532429757815
stopped,bundle,org.eclipse.mylyn.ide.ant,3.4.0.v20100608-0100-e3x,"org.eclipse.mylyn.ide.ant",1532429757893
activated,perspective,org.eclipse.jst.j2ee.ui,,"org.eclipse.jst.j2ee.J2EEPerspective",1532436813579
started,bundle,org.eclipse.osgi,3.6.0.v20100517,"org.eclipse.osgi",1532436813595
started,bundle,org.eclipse.equinox.simpleconfigurator,1.0.200.v20100503,"org.eclipse.equinox.simpleconfigurator",1532436813595
started,bundle,com.ibm.icu,4.2.1.v20100412,"com.ibm.icu",1532436813595
started,bundle,org.eclipse.compare.core,3.5.100.I20100526-0800,"org.eclipse.compare.core",1532436813595
started,bundle,org.eclipse.core.contenttype,3.4.100.v20100505-1235,"org.eclipse.core.contenttype",1532436813595
started,bundle,org.eclipse.core.databinding.observable,1.3.0.I20100601-0800,"org.eclipse.core.databinding.observable",1532436813595
started,bundle,org.eclipse.core.expressions,3.4.200.v20100505,"org.eclipse.core.expressions",1532436813595
started,bundle,org.eclipse.core.filebuffers,3.5.100.v20100520-0800,"org.eclipse.core.filebuffers",1532436813595
started,bundle,org.eclipse.core.filesystem,1.3.0.v20100526-0737,"org.eclipse.core.filesystem",1532436813595
started,bundle,org.eclipse.core.jobs,3.5.0.v20100515,"org.eclipse.core.jobs",1532436813595
started,bundle,org.eclipse.core.net,1.2.100.I20100511-0800,"org.eclipse.core.net",1532436813595
started,bundle,org.eclipse.core.resources,3.6.0.v20100526-0737,"org.eclipse.core.resources",1532436813595
started,bundle,org.eclipse.core.runtime,3.6.0.v20100505,"org.eclipse.core.runtime",1532436813595
started,bundle,org.eclipse.core.runtime.compatibility,3.2.100.v20100505,"org.eclipse.core.runtime.compatibility",1532436813595
started,bundle,org.eclipse.core.runtime.compatibility.auth,3.2.200.v20100517,"org.eclipse.core.runtime.compatibility.auth",1532436813595
started,bundle,org.eclipse.core.variables,3.2.400.v20100505,"org.eclipse.core.variables",1532436813595
started,bundle,org.eclipse.debug.core,3.6.0.v20100519,"org.eclipse.debug.core",1532436813595
started,bundle,org.eclipse.emf.common,2.6.0.v20100614-1136,"org.eclipse.emf.common",1532436813610
started,bundle,org.eclipse.emf.common.ui,2.6.0.v20100614-1136,"org.eclipse.emf.common.ui",1532436813610
started,bundle,org.eclipse.emf.ecore,2.6.0.v20100614-1136,"org.eclipse.emf.ecore",1532436813610
started,bundle,org.eclipse.emf.ecore.xmi,2.5.0.v20100521-1846,"org.eclipse.emf.ecore.xmi",1532436813610
started,bundle,org.eclipse.emf.edit,2.6.0.v20100614-1136,"org.eclipse.emf.edit",1532436813610
started,bundle,org.eclipse.emf.edit.ui,2.6.0.v20100614-1136,"org.eclipse.emf.edit.ui",1532436813610
started,bundle,org.eclipse.equinox.app,1.3.0.v20100512,"org.eclipse.equinox.app",1532436813610
started,bundle,org.eclipse.equinox.common,3.6.0.v20100503,"org.eclipse.equinox.common",1532436813610
started,bundle,org.eclipse.equinox.ds,1.2.0.v20100507,"org.eclipse.equinox.ds",1532436813610
started,bundle,org.eclipse.equinox.event,1.2.0.v20100503,"org.eclipse.equinox.event",1532436813610
started,bundle,org.eclipse.equinox.p2.core,2.0.0.v20100510,"org.eclipse.equinox.p2.core",1532436813610
started,bundle,org.eclipse.equinox.p2.directorywatcher,1.0.200.v20100601,"org.eclipse.equinox.p2.directorywatcher",1532436813610
started,bundle,org.eclipse.equinox.p2.engine,2.0.0.v20100606,"org.eclipse.equinox.p2.engine",1532436813610
started,bundle,org.eclipse.equinox.p2.metadata,2.0.0.v20100601,"org.eclipse.equinox.p2.metadata",1532436813626
started,bundle,org.eclipse.equinox.p2.metadata.repository,1.1.0.v20100513,"org.eclipse.equinox.p2.metadata.repository",1532436813626
started,bundle,org.eclipse.equinox.p2.operations,2.0.0.v20100510,"org.eclipse.equinox.p2.operations",1532436813626
started,bundle,org.eclipse.equinox.p2.reconciler.dropins,1.1.0.v20100525,"org.eclipse.equinox.p2.reconciler.dropins",1532436813626
started,bundle,org.eclipse.equinox.p2.repository,2.0.0.v20100519,"org.eclipse.equinox.p2.repository",1532436813626
started,bundle,org.eclipse.equinox.p2.ui.sdk.scheduler,1.0.0.v20100507-1815,"org.eclipse.equinox.p2.ui.sdk.scheduler",1532436813626
started,bundle,org.eclipse.equinox.p2.updatechecker,1.1.100.v20100503a,"org.eclipse.equinox.p2.updatechecker",1532436813626
started,bundle,org.eclipse.equinox.preferences,3.3.0.v20100503,"org.eclipse.equinox.preferences",1532436813626
started,bundle,org.eclipse.equinox.registry,3.5.0.v20100503,"org.eclipse.equinox.registry",1532436813626
started,bundle,org.eclipse.equinox.security,1.0.200.v20100503,"org.eclipse.equinox.security",1532436813688
started,bundle,org.eclipse.equinox.util,1.0.200.v20100503,"org.eclipse.equinox.util",1532436813688
started,bundle,org.eclipse.help,3.5.0.v20100524,"org.eclipse.help",1532436813688
started,bundle,org.eclipse.jdt.apt.core,3.3.400.v20100513-0845,"org.eclipse.jdt.apt.core",1532436813688
started,bundle,org.eclipse.jdt.apt.pluggable.core,1.0.300.v20100513-0845,"org.eclipse.jdt.apt.pluggable.core",1532436813688
started,bundle,org.eclipse.jdt.core,3.6.0.v_A58,"org.eclipse.jdt.core",1532436813688
started,bundle,org.eclipse.jdt.core.manipulation,1.3.0.v20100520-0800,"org.eclipse.jdt.core.manipulation",1532436813688
started,bundle,org.eclipse.jdt.launching,3.5.100.v20100526,"org.eclipse.jdt.launching",1532436813704
started,bundle,org.eclipse.jdt.ui,3.6.0.v20100602-1600,"org.eclipse.jdt.ui",1532436813704
started,bundle,org.eclipse.jem,2.0.400.v201005110200,"org.eclipse.jem",1532436813704
started,bundle,org.eclipse.jem.util,2.1.0.v201005130500,"org.eclipse.jem.util",1532436813704
started,bundle,org.eclipse.jem.workbench,2.0.300.v200910290230,"org.eclipse.jem.workbench",1532436813704
started,bundle,org.eclipse.jface,3.6.0.I20100601-0800,"org.eclipse.jface",1532436813704
started,bundle,org.eclipse.jsch.core,1.1.200.I20100505-1245,"org.eclipse.jsch.core",1532436813704
started,bundle,org.eclipse.jst.common.frameworks,1.1.400.v201005130500,"org.eclipse.jst.common.frameworks",1532436813704
started,bundle,org.eclipse.jst.common.project.facet.core,1.4.100.v201004202202,"org.eclipse.jst.common.project.facet.core",1532436813704
started,bundle,org.eclipse.jst.j2ee,1.1.400.v201005271900,"org.eclipse.jst.j2ee",1532436813704
started,bundle,org.eclipse.jst.j2ee.core,1.2.0.v201005200200,"org.eclipse.jst.j2ee.core",1532436813704
started,bundle,org.eclipse.jst.j2ee.navigator.ui,1.1.400.v201004280900,"org.eclipse.jst.j2ee.navigator.ui",1532436813704
started,bundle,org.eclipse.jst.j2ee.ui,1.1.400.v201006030400,"org.eclipse.jst.j2ee.ui",1532436813704
started,bundle,org.eclipse.jst.j2ee.webservice,1.1.400.v201004110600,"org.eclipse.jst.j2ee.webservice",1532436813720
started,bundle,org.eclipse.jst.j2ee.webservice.ui,1.1.400.v201004110600,"org.eclipse.jst.j2ee.webservice.ui",1532436813720
started,bundle,org.eclipse.jst.jee.ui,1.0.300.v201005191301,"org.eclipse.jst.jee.ui",1532436813720
started,bundle,org.eclipse.jst.ws.jaxrs.core,1.0.0.v201005191955,"org.eclipse.jst.ws.jaxrs.core",1532436813720
started,bundle,org.eclipse.jst.ws.jaxws.utils,1.0.0.v201004171919,"org.eclipse.jst.ws.jaxws.utils",1532436813720
started,bundle,org.eclipse.ltk.core.refactoring,3.5.100.v20100526-0800,"org.eclipse.ltk.core.refactoring",1532436813720
started,bundle,org.eclipse.ltk.ui.refactoring,3.5.0.v20100526-0800,"org.eclipse.ltk.ui.refactoring",1532436813720
started,bundle,org.eclipse.mylyn.bugzilla.core,3.4.0.v20100608-0100-e3x,"org.eclipse.mylyn.bugzilla.core",1532436813720
started,bundle,org.eclipse.mylyn.bugzilla.ui,3.4.0.v20100608-0100-e3x,"org.eclipse.mylyn.bugzilla.ui",1532436813720
started,bundle,org.eclipse.mylyn.commons.net,3.4.0.v20100608-0100-e3x,"org.eclipse.mylyn.commons.net",1532436813720
started,bundle,org.eclipse.mylyn.commons.ui,3.4.0.v20100608-0100-e3x,"org.eclipse.mylyn.commons.ui",1532436813720
started,bundle,org.eclipse.mylyn.context.core,3.4.0.v20100608-0100-e3x,"org.eclipse.mylyn.context.core",1532436813720
started,bundle,org.eclipse.mylyn.context.ui,3.4.0.v20100608-0100-e3x,"org.eclipse.mylyn.context.ui",1532436813720
started,bundle,org.eclipse.mylyn.monitor.ui,3.4.0.v20100608-0100-e3x,"org.eclipse.mylyn.monitor.ui",1532436813720
started,bundle,org.eclipse.mylyn.tasks.ui,3.4.0.v20100608-0100-e3x,"org.eclipse.mylyn.tasks.ui",1532436813720
started,bundle,org.eclipse.mylyn.team.ui,3.4.0.v20100608-0100-e3x,"org.eclipse.mylyn.team.ui",1532436813735
started,bundle,org.eclipse.team.core,3.5.100.I20100527-0800,"org.eclipse.team.core",1532436813735
started,bundle,org.eclipse.team.cvs.core,3.3.300.I20100526-0800,"org.eclipse.team.cvs.core",1532436813735
started,bundle,org.eclipse.team.cvs.ui,3.3.300.I20100526-0800,"org.eclipse.team.cvs.ui",1532436813735
started,bundle,org.eclipse.team.ui,3.5.100.I20100527-0800,"org.eclipse.team.ui",1532436813735
started,bundle,org.eclipse.ui,3.6.0.I20100603-1100,"org.eclipse.ui",1532436813735
started,bundle,org.eclipse.ui.console,3.5.0.v20100526,"org.eclipse.ui.console",1532436813735
started,bundle,org.eclipse.ui.editors,3.6.0.v20100520-0800,"org.eclipse.ui.editors",1532436813735
started,bundle,org.eclipse.ui.forms,3.5.0.v20100427,"org.eclipse.ui.forms",1532436813735
started,bundle,org.eclipse.ui.ide,3.6.0.I20100601-0800,"org.eclipse.ui.ide",1532436813751
started,bundle,org.eclipse.ui.navigator,3.5.0.I20100601-0800,"org.eclipse.ui.navigator",1532436813751
started,bundle,org.eclipse.ui.navigator.resources,3.4.200.I20100601-0800,"org.eclipse.ui.navigator.resources",1532436813751
started,bundle,org.eclipse.ui.net,1.2.100.I20100505-1245,"org.eclipse.ui.net",1532436813751
started,bundle,org.eclipse.ui.views,3.5.0.I20100527-0800,"org.eclipse.ui.views",1532436813751
started,bundle,org.eclipse.ui.workbench,3.6.0.I20100603-1100,"org.eclipse.ui.workbench",1532436813751
started,bundle,org.eclipse.ui.workbench.texteditor,3.6.0.v20100520-0800,"org.eclipse.ui.workbench.texteditor",1532436813751
started,bundle,org.eclipse.update.configurator,3.3.100.v20100512,"org.eclipse.update.configurator",1532436813751
started,bundle,org.eclipse.update.core,3.2.400.v20100512,"org.eclipse.update.core",1532436813767
started,bundle,org.eclipse.update.scheduler,3.2.300.v20100512,"org.eclipse.update.scheduler",1532436813767
started,bundle,org.eclipse.wst.common.core,1.2.0.v200908252030,"org.eclipse.wst.common.core",1532436813767
started,bundle,org.eclipse.wst.common.emf,1.2.0.v201005200700,"org.eclipse.wst.common.emf",1532436813767
started,bundle,org.eclipse.wst.common.emfworkbench.integration,1.2.0.v201004110600,"org.eclipse.wst.common.emfworkbench.integration",1532436813767
started,bundle,org.eclipse.wst.common.frameworks,1.2.0.v201003040800,"org.eclipse.wst.common.frameworks",1532436813767
started,bundle,org.eclipse.wst.common.frameworks.ui,1.2.0.v201004080500,"org.eclipse.wst.common.frameworks.ui",1532436813767
started,bundle,org.eclipse.wst.common.modulecore,1.2.0.v201005200200,"org.eclipse.wst.common.modulecore",1532436813767
started,bundle,org.eclipse.wst.common.project.facet.core,1.4.100.v201005190114,"org.eclipse.wst.common.project.facet.core",1532436813782
started,bundle,org.eclipse.wst.common.ui,1.1.500.v200911190730,"org.eclipse.wst.common.ui",1532436813782
started,bundle,org.eclipse.wst.jsdt.core,1.1.0.v201006030738,"org.eclipse.wst.jsdt.core",1532436813782
started,bundle,org.eclipse.wst.jsdt.debug.ui,1.0.0.v201005250108,"org.eclipse.wst.jsdt.debug.ui",1532436813782
started,bundle,org.eclipse.wst.jsdt.manipulation,1.0.200.v201004150600,"org.eclipse.wst.jsdt.manipulation",1532436813782
started,bundle,org.eclipse.wst.jsdt.ui,1.1.0.v201005200157,"org.eclipse.wst.jsdt.ui",1532436813782
started,bundle,org.eclipse.wst.validation,1.2.200.v201005271900,"org.eclipse.wst.validation",1532436813782
started,bundle,org.eclipse.wst.web,1.1.400.v201005270700,"org.eclipse.wst.web",1532436813782
started,bundle,org.eclipse.wst.xml.core,1.1.500.v201005271618,"org.eclipse.wst.xml.core",1532436813798
started,bundle,org.eclipse.epp.usagedata.gathering,1.3.1.R201102081640,"org.eclipse.epp.usagedata.gathering",1532436813798
started,bundle,org.eclipse.epp.usagedata.recording,1.3.1.R201102081640,"org.eclipse.epp.usagedata.recording",1532436813798
started,bundle,org.eclipse.team.svn.core,0.7.9.I20120520-1700,"org.eclipse.team.svn.core",1532436813798
started,bundle,org.eclipse.team.svn.revision.graph,0.7.9.I20111123-1700,"org.eclipse.team.svn.revision.graph",1532436813798
started,bundle,org.eclipse.team.svn.ui,0.7.9.I20120520-1700,"org.eclipse.team.svn.ui",1532436813798
started,bundle,org.polarion.eclipse.team.svn.connector.svnkit17,2.3.0.I20120520-1700,"org.polarion.eclipse.team.svn.connector.svnkit17",1532436813798
os,sysinfo,,,"win32",1532436813813
arch,sysinfo,,,"x86",1532436813813
ws,sysinfo,,,"win32",1532436813813
locale,sysinfo,,,"th_TH",1532436813813
processors,sysinfo,,,"4",1532436813813
java.runtime.name,sysinfo,,,"Java(TM) SE Runtime Environment",1532436813813
java.runtime.version,sysinfo,,,"1.6.0_31-b05",1532436813813
java.specification.name,sysinfo,,,"Java Platform API Specification",1532436813813
java.specification.vendor,sysinfo,,,"Sun Microsystems Inc.",1532436813813
java.specification.version,sysinfo,,,"1.6",1532436813813
java.vendor,sysinfo,,,"Sun Microsystems Inc.",1532436813813
java.version,sysinfo,,,"1.6.0_31",1532436813813
java.vm.info,sysinfo,,,"mixed mode, sharing",1532436813813
java.vm.name,sysinfo,,,"Java HotSpot(TM) Client VM",1532436813813
java.vm.specification.name,sysinfo,,,"Java Virtual Machine Specification",1532436813813
java.vm.specification.vendor,sysinfo,,,"Sun Microsystems Inc.",1532436813813
java.vm.specification.version,sysinfo,,,"1.0",1532436813813
java.vm.vendor,sysinfo,,,"Sun Microsystems Inc.",1532436813813
java.vm.version,sysinfo,,,"20.6-b01",1532436813813
activated,view,org.eclipse.ui.navigator.resources,3.4.200.I20100601-0800,"org.eclipse.ui.navigator.ProjectExplorer",1532436845971
started,bundle,org.eclipse.jst.ws.jaxws.dom.integration,1.0.0.v201004171919,"org.eclipse.jst.ws.jaxws.dom.integration",1532436847108
started,bundle,org.eclipse.jst.ws.jaxws.dom.ui,1.0.0.v201004171919,"org.eclipse.jst.ws.jaxws.dom.ui",1532436847301
started,bundle,org.eclipse.jst.j2ee.ejb,1.1.400.v201005270700,"org.eclipse.jst.j2ee.ejb",1532436847505
started,bundle,org.eclipse.jst.j2ee.jca,1.1.400.v201005270700,"org.eclipse.jst.j2ee.jca",1532436847817
started,bundle,org.eclipse.jst.j2ee.web,1.1.400.v201005270700,"org.eclipse.jst.j2ee.web",1532436847833
started,bundle,org.eclipse.jst.jee,1.0.300.v201005191301,"org.eclipse.jst.jee",1532436848449
started,bundle,org.eclipse.jst.jee.ejb,1.0.300.v201004191420,"org.eclipse.jst.jee.ejb",1532436848559
started,bundle,org.eclipse.jst.jee.web,1.0.300.v201004280739,"org.eclipse.jst.jee.web",1532436848652
started,bundle,oracle.eclipse.tools.glassfish,3.2.3.201106201340,"oracle.eclipse.tools.glassfish",1532436848668
started,bundle,org.eclipse.jst.servlet.ui,1.1.400.v201005272100,"org.eclipse.jst.servlet.ui",1532436848902
activated,editor,org.eclipse.jdt.ui,3.6.0.v20100602-1600,"org.eclipse.jdt.ui.CompilationUnitEditor",1532436858690
deactivated,workbench,org.eclipse.ui.workbench,3.6.0.I20100603-1100,"",1532436864950
activated,workbench,org.eclipse.ui.workbench,3.6.0.I20100603-1100,"",1532436938196
deactivated,workbench,org.eclipse.ui.workbench,3.6.0.I20100603-1100,"",1532437000713
activated,workbench,org.eclipse.ui.workbench,3.6.0.I20100603-1100,"",1532437751335
